Abbey Road,3,E15 3NB,51.531952,0.003723,539081,183352,18478.81,8381.84
Abbey Wood,4,SE2 9RH,51.490784,0.120272,547297,179002,26694.81,12731.84
Acton Central,2,W3 6BH,51.508758,-0.26343,520613,180299,10.81,11434.84
Acton Main Line,3,W3 9EH,51.516887,-0.26769,520296,181196,-306.19,10537.84
Acton Town,3,W3 8HN,51.503071,-0.280303,519457,179639,-1145.19,12094.84
Addington Village,"3,4,5,6",CR0 5AR,51.356239,-0.032665,537082,163744,16479.81,27989.84
Addiscombe,"3,4,5,6",CR0 7AA,51.379808,-0.073213,534190,166290,13587.81,25443.84
Albany Park,5,DA5 3HP,51.435816,0.126445,547903,172902,27300.81,18831.84
Aldgate,1,EC3N 1AH,51.514342,-0.075627,533629,181246,13026.81,10487.84
Aldgate East,1,E1 7PT,51.515082,-0.073001,533809,181333,13206.81,10400.84
Alexandra Palace,3,N22 7ST,51.598263,-0.120149,530300,190498,9697.81,1235.84
All Saints,2,E14 0EH,51.510477,-0.012625,538012,180933,17409.81,10800.84
Alperton,4,HA0 4LL,51.541209,-0.299516,518025,183849,-2577.19,7884.84
Amersham,9,HP6 5AZ,51.674129,-0.606514,496454,198181,-24148.19,-6447.16
Ampere Way,"3,4,5,6",CR0 3JX,51.382299,-0.123637,530674,166476,10071.81,25257.84
Anerley,4,SE20 8PY,51.412517,-0.065137,534656,169942,14053.81,21791.84
Angel,1,N1 8XB,51.532968,-0.105581,531497,183263,10894.81,8470.84
Angel Road,4,N18 3AY,51.61242,-0.048733,535204,192202,14601.81,-468.16
Archway,"2,3",N19 5RQ,51.565491,-0.135122,529356,186827,8753.81,4906.84
Arena,"3,4,5,6",SE25 4RY,51.391523,-0.058319,535192,167620,14589.81,24113.84
Arnos Grove,4,N11 1AN,51.61623,-0.13427,529271,192471,8668.81,-737.16
Arsenal,2,N5 1LP,51.558541,-0.1055,531429,186107,10826.81,5626.84
Avenue Road,"3,4,5,6",BR3 4NJ,51.406798,-0.049447,535764,169335,15161.81,22398.84
Baker Street,1,NW1 5LA,51.52313,-0.156904,527965,182078,7362.81,9655.84
Balham,3,SW12 9SG,51.443183,-0.152685,528482,173195,7879.81,18538.84
Bank,1,EC3V 3LA,51.513347,-0.089,532704,181111,12101.81,10622.84
Banstead,6,SM7 1RB,51.329293,-0.213132,524590,160426,3987.81,31307.84
Barbican,1,EC1A 4JA,51.520215,-0.097722,532079,181859,11476.81,9874.84
Barking,4,IG11 8TU,51.539521,0.080832,544405,184343,23802.81,7390.84
Barkingside,4,IG6 1NB,51.585851,0.088477,544788,189510,24185.81,2223.84
Barnehurst,6,DA7 6HQ,51.46478,0.160948,550206,176193,29603.81,15540.84
Barnes,3,SW13 0LW,51.467128,-0.242033,522209,175705,1606.81,16028.84
Barnes Bridge,3,SW13 0NR,51.472228,-0.252363,521478,176255,875.81,15478.84
Barons Court,2,W14 9DP,51.490229,-0.21343,524133,178322,3530.81,13411.84
Battersea Park,2,SW8 4NB,51.477318,-0.148124,528703,176999,8100.81,14734.84
Battersea Power Station,1,,51.479497,-0.142001,529122,177252,8519.81,14481.84
Bayswater,1,W2 4QH,51.512111,-0.187902,525845,180799,5242.81,10934.84
Beckenham Hill,4,SE6 3NU,51.424626,-0.016496,538002,171379,17399.81,20354.84
Beckenham Junction,4,BR3 1HY,51.410942,-0.025702,537403,169840,16800.81,21893.84
Beckenham Road,"3,4,5,6",BR3 4RR,51.40953,-0.043392,536177,169650,15574.81,22083.84
Beckton,3,E6 5NT,51.514377,0.061525,543145,181509,22542.81,10224.84
Beckton Park,3,E6 5NE,51.508901,0.054822,542697,180887,22094.81,10846.84
Becontree,5,RM9 4TP,51.539585,0.12688,547598,184442,26995.81,7291.84
Beddington Lane,"3,4,5,6",CR0 4TF,51.38924,-0.142138,529367,167215,8764.81,24518.84
Belgrave Walk,"3,4,5,6",CR4 4NY,51.400962,-0.178496,526805,168455,6202.81,23278.84
Bellingham,3,SE6 3BT,51.433865,-0.020412,537702,172399,17099.81,19334.84
Belmont,5,SM2 6BH,51.34412,-0.199489,525500,162098,4897.81,29635.84
Belsize Park,2,NW3 2AL,51.550191,-0.163974,527399,185075,6796.81,6658.84
Belvedere,5,DA17 6JW,51.491959,0.152034,549498,179197,28895.81,12536.84
Bermondsey,2,SE16 4RX,51.497961,-0.06433,534461,179445,13858.81,12288.84
Berrylands,5,KT5 8LT,51.398768,-0.280321,519728,168040,-874.19,23693.84
Bethnal Green,2,E2 0ET,51.527192,-0.055392,534995,182712,14392.81,9021.84
Bethnal Green Rail,2,E2 6JL,51.524283,-0.060014,534683,182380,14080.81,9353.84
Bexley,6,DA5 1AQ,51.440815,0.148204,549399,173502,28796.81,18231.84
Bexleyheath,5,DA7 4AA,51.46355,0.133363,548294,176000,27691.81,15733.84
Bickley,5,BR1 2EB,51.40038,0.044304,542304,168799,21701.81,22934.84
Birkbeck,4,BR3 4TA,51.403863,-0.056286,535297,168996,14694.81,22737.84
Blackfriars,1,EC4V 4DD,51.511587,-0.102995,531738,180890,11135.81,10843.84
Blackheath,3,SE3 9LE,51.465408,0.008337,539604,175961,19001.81,15772.84
Blackhorse Lane,"3,4,5,6",CR0 6NL,51.384746,-0.070534,534362,166844,13759.81,24889.84
Blackhorse Road,3,E17 6JJ,51.585777,-0.039626,535914,189256,15311.81,2477.84
Blackwall,2,E14 9QB,51.507832,-0.007235,538394,180649,17791.81,11084.84
Bond Street,1,W1C 2HU,51.513798,-0.149614,528497,181053,7894.81,10680.84
Borough,1,SE1 1JX,51.501049,-0.094197,532379,179734,11776.81,11999.84
Boston Manor,4,TW8 9LQ,51.495766,-0.324747,516391,178755,-4211.19,12978.84
Bounds Green,"3,4",N11 2EU,51.607032,-0.124177,529996,191466,9393.81,267.84
Bow Church,2,E3 3AA,51.527615,-0.0205,537414,182824,16811.81,8909.84
Bow Road,2,E3 4DH,51.527042,-0.02436,537148,182753,16545.81,8980.84
Bowes Park,"3,4",N22 8NL,51.60725,-0.119792,530299,191498,9696.81,235.84
Brent Cross,3,NW11 9UA,51.576599,-0.213336,523905,187927,3302.81,3806.84
Brentford,4,TW8 9LF,51.487536,-0.309623,517462,177864,-3140.19,13869.84
Brentwood,7,CM14 4EW,51.61361,0.299673,559321,193036,38718.81,-1302.16
Brimsdown,5,EN3 7NA,51.655245,-0.031092,536297,196997,15694.81,-5263.16
Brixton,2,SW9 8HE,51.462737,-0.114552,531076,175437,10473.81,16296.84
Brockley,2,SE4 2RW,51.46475,-0.037748,536405,175801,15802.81,15932.84
Bromley North,4,BR1 3NN,51.408942,0.017235,540395,169699,19792.81,22034.84
Bromley South,5,BR1 1LX,51.400001,0.01736,540431,168705,19828.81,23028.84
Bromley-by-Bow,"2,3",E3 3BT,51.52484,-0.011682,538034,182532,17431.81,9201.84
Brondesbury,2,NW6 7QL,51.545262,-0.202838,524718,184460,4115.81,7273.84
Brondesbury Park,2,NW6 6RP,51.540325,-0.210474,524202,183898,3599.81,7835.84
Broxbourne,9,EN10 7AW,51.747016,-0.011024,537407,207240,16804.81,-15506.16
Bruce Grove,3,N17 8AD,51.594011,-0.070399,533758,190115,13155.81,1618.84
Buckhurst Hill,5,IG9 5ET,51.626577,0.046713,541768,193957,21165.81,-2223.16
Burnham,,SL1 6JT,51.523505,-0.646388,494007,181378,-26595.19,10355.84
Burnt Oak,4,HA8 0LA,51.602552,-0.264331,520303,190728,-299.19,1005.84
Bush Hill Park,5,EN1 1BA,51.641482,-0.06928,533696,195396,13093.81,-3662.16
Bushey,8,WD19 4ST,51.645544,-0.384722,511860,195318,-8742.19,-3584.16
Caledonian Road,2,N7 9BA,51.547885,-0.118361,530568,184899,9965.81,6834.84
Caledonian Road and Barnsbury,2,N1 0SL,51.543285,-0.115205,530800,184393,10197.81,7340.84
Cambridge Heath,2,E2 7NA,51.53206,-0.057203,534855,183250,14252.81,8483.84
Camden Road,2,NW1 9LQ,51.541851,-0.139203,529140,184191,8537.81,7542.84
Camden Town,2,NW1 8NH,51.539969,-0.142452,528920,183976,8317.81,7757.84
Canada Water,2,SE16 7BB,51.498168,-0.050807,535399,179493,14796.81,12240.84
Canary Wharf,2,E14 4QS,51.503578,-0.019467,537558,180153,16955.81,11580.84
Canning Town,3,E16 1DQ,51.51387,0.008306,539454,181350,18851.81,10383.84
Cannon Street,1,EC4N 6AP,51.511362,-0.090251,532623,180888,12020.81,10845.84
Canonbury,2,N1 2PG,51.548188,-0.092574,532355,184979,11752.81,6754.84
Canons Park,5,HA8 6RN,51.607651,-0.294392,518208,191246,-2394.19,487.84
Carpenders Park,7,WD19 7DT,51.628187,-0.385829,511826,193386,-8776.19,-1652.16
Carshalton,5,SM5 2HT,51.368426,-0.166398,527737,164858,7134.81,26875.84
Carshalton Beeches,5,SM5 3LG,51.357387,-0.169496,527552,163625,6949.81,28108.84
Castle Bar Park,4,W7 1AY,51.522974,-0.331504,515853,181770,-4749.19,9963.84
Caterham,6,CR3 6LB,51.282163,-0.078607,534099,155422,13496.81,36311.84
Catford,3,SE6 4XT,51.444265,-0.026538,537245,173544,16642.81,18189.84
Catford Bridge,3,SE6 4RE,51.444695,-0.024822,537363,173595,16760.81,18138.84
Centrale,"3,4,5,6",CR0 1XT,51.375767,-0.103888,532067,165785,11464.81,25948.84
Chadwell Heath,5,RM6 4BE,51.568047,0.128901,547646,187611,27043.81,4122.84
Chafford Hundred,7,RM16 6QQ,51.485554,0.287476,558922,178770,38319.81,12963.84
Chalfont and Latimer,8,HP7 9PR,51.667907,-0.561068,499610,197550,-20992.19,-5816.16
Chalk Farm,2,NW3 2BP,51.544149,-0.153733,528126,184421,7523.81,7312.84
Chancery Lane,1,WC1V 6DR,51.518494,-0.111962,531096,181642,10493.81,10091.84
Charing Cross,1,WC2N 5HS,51.508359,-0.124803,530234,180492,9631.81,11241.84
Charlton,3,SE7 7AB,51.486835,0.030942,541108,178387,20505.81,13346.84
Cheam,5,SM3 8RZ,51.35546,-0.214211,524444,163334,3841.81,28399.84
Chelsfield,6,BR6 6EU,51.356265,0.108984,546944,164021,26341.81,27712.84
Chesham,9,HP5 1DH,51.70538,-0.61143,496048,201650,-24554.19,-9916.16
Cheshunt,8,EN8 9AQ,51.702873,-0.023887,536652,202307,16049.81,-10573.16
Chessington North,6,KT9 2RT,51.364243,-0.300476,518415,164168,-2187.19,27565.84
Chessington South,6,KT9 2DD,51.356705,-0.307089,517974,163319,-2628.19,28414.84
Chigwell,4,IG7 6NT,51.617858,0.076179,543835,193045,23232.81,-1311.16
Chingford,5,E4 6AL,51.633253,0.009514,539173,194628,18570.81,-2894.16
Chipstead,6,CR5 3TD,51.309275,-0.169446,527689,158275,7086.81,33458.84
Chislehurst,5,BR7 5NN,51.405598,0.057492,543205,169405,22602.81,22328.84
Chiswick,3,W4 2QE,51.480781,-0.267013,520438,177182,-164.19,14551.84
Chiswick Park,3,W4 5NE,51.494371,-0.267737,520352,178692,-250.19,13041.84
Chorleywood,7,WD3 5ND,51.654266,-0.518334,502596,196092,-18006.19,-4358.16
Church Street,"3,4,5,6",CR0 1RN,51.373707,-0.104347,532041,165555,11438.81,26178.84
City Thameslink,1,EC4M 7JH,51.513935,-0.103618,531688,181150,11085.81,10583.84
Clapham Common,2,SW4 7AJ,51.461804,-0.138315,529428,175291,8825.81,16442.84
Clapham High Street,2,SW4 6DQ,51.46547,-0.132464,529824,175709,9221.81,16024.84
Clapham Junction,2,SW11 2QP,51.464367,-0.170315,527198,175520,6595.81,16213.84
Clapham North,2,SW4 7TS,51.464916,-0.12991,530003,175652,9400.81,16081.84
Clapham South,"2,3",SW12 9DU,51.452676,-0.147984,528782,174259,8179.81,17474.84
Clapton,2,E5 9JP,51.561569,-0.057489,534748,186531,14145.81,5202.84
Clock House,4,BR3 4PR,51.408541,-0.040702,536367,169545,15764.81,22188.84
Cockfosters,5,EN4 0DZ,51.652024,-0.149917,528087,196424,7484.81,-4690.16
Colindale,4,NW9 5HR,51.595231,-0.250288,521295,189937,692.81,1796.84
Colliers Wood,3,SW19 2HR,51.418759,-0.177415,526831,170436,6228.81,21297.84
Coombe Lane,"3,4,5,6",CR0 5RF,51.359789,-0.059532,535201,164089,14598.81,27644.84
Coulsdon South,6,CR5 3EA,51.315801,-0.137903,529869,159056,9266.81,32677.84
Coulsdon Town,6,CR5 2JA,51.322453,-0.134347,530098,159802,9495.81,31931.84
Covent Garden,1,WC2E 9JT,51.51276,-0.124507,530242,180982,9639.81,10751.84
Crayford,6,DA1 3PY,51.448547,0.178503,551479,174424,30876.81,17309.84
Crews Hill,6,EN2 8AY,51.684475,-0.106844,530973,200109,10370.81,-8375.16
Cricklewood,3,NW2 1HL,51.558423,-0.212548,524009,185907,3406.81,5826.84
Crofton Park,3,SE4 2RA,51.455179,-0.036547,536517,174739,15914.81,16994.84
Crossharbour and London Arena,2,E14 8AD,51.49584,-0.014933,537896,179301,17293.81,12432.84
Crouch Hill,3,N4 4AU,51.571327,-0.117133,530586,187508,9983.81,4225.84
Croxley,7,WD3 3DY,51.647005,-0.441604,507921,195395,-12681.19,-3661.16
Crystal Palace,"3,4",SE19 2AZ,51.41817,-0.072607,534120,170557,13517.81,21176.84
Custom House,3,E16 3BX,51.509622,0.025773,540679,180911,20076.81,10822.84
Cutty Sark for Maritime Greenwich,2,SE10 9SW,51.481944,-0.010582,538240,177764,17637.81,13969.84
Cyprus,3,E6 5PH,51.508527,0.063841,543324,180863,22721.81,10870.84
Dagenham Dock,5,RM9 6RA,51.526287,0.145031,548900,183000,28297.81,8733.84
Dagenham East,5,RM10 8AA,51.544187,0.165833,550284,185033,29681.81,6700.84
Dagenham Heathway,5,RM9 5AN,51.541212,0.14768,549035,184665,28432.81,7068.84
Dalston Junction,2,E8 3DL,51.546094,-0.074994,533580,184778,12977.81,6955.84
Dalston Kingsland,2,E8 2JS,51.548668,-0.076227,533487,185062,12884.81,6671.84
Debden,6,IG10 3TG,51.645492,0.083801,544275,196133,23672.81,-4399.16
Denmark Hill,2,SE5 8BB,51.468201,-0.090988,532697,176087,12094.81,15646.84
Deptford,2,SE8 3NU,51.47889,-0.026196,537165,177395,16562.81,14338.84
Deptford Bridge,"2,3",SE10 8BU,51.474477,-0.022052,537466,176912,16863.81,14821.84
Devons Road,2,E3 3QX,51.522258,-0.018008,537603,182233,17000.81,9500.84
Dollis Hill,3,NW10 5NB,51.551851,-0.238798,522207,185132,1604.81,6601.84
Drayton Green,4,W13 0JX,51.516005,-0.329611,516002,180998,-4600.19,10735.84
Drayton Park,2,N5 1NT,51.553078,-0.10577,531426,185499,10823.81,6234.84
Dundonald Road,"3,4,5,6",SW19 3QJ,51.417398,-0.207527,524741,170233,4138.81,21500.84
Ealing Broadway,3,W5 2NU,51.514862,-0.30201,517920,180915,-2682.19,10818.84
Ealing Common,3,W5 3LD,51.510249,-0.287151,518963,180426,-1639.19,11307.84
Earls Court,"1,2",SW5 9QA,51.491357,-0.194314,525457,178480,4854.81,13253.84
Earlsfield,3,SW18 4SW,51.442239,-0.187273,526081,173030,5478.81,18703.84
East Acton,2,W12 0BP,51.516263,-0.248112,521656,181159,1053.81,10574.84
East Croydon,5,CR0 1LF,51.375716,-0.091863,532904,165801,12301.81,25932.84
East Dulwich,2,SE22 8EF,51.461626,-0.080437,533449,175375,12846.81,16358.84
East Finchley,3,N2 0NW,51.587333,-0.164744,527242,189204,6639.81,2529.84
East Ham,"3,4",E6 2JA,51.539246,0.051516,542373,184255,21770.81,7478.84
East India,"2,3",E14 9PS,51.508684,-0.00237,538729,180753,18126.81,10980.84
East Putney,"2,3",SW15 6SN,51.45888,-0.210998,524387,174840,3784.81,16893.84
Eastcote,5,HA5 1QZ,51.576552,-0.396823,511191,187627,-9411.19,4106.84
Eden Park,5,BR3 3HQ,51.390796,-0.02667,537396,167598,16793.81,24135.84
Edgware,5,HA8 7AW,51.61423,-0.275094,519527,192009,-1075.19,-275.16
Edgware Road (Bakerloo),1,W2 1DY,51.520645,-0.17054,527026,181778,6423.81,9955.84
Edgware Road (Circle/District/Hammersmith and City),1,NW1 5DH,51.519998,-0.167668,527227,181711,6624.81,10022.84
Edmonton Green,4,N9 9DX,51.625116,-0.061639,534273,193590,13670.81,-1856.16
Elephant and Castle,"1,2",SE1 6LW,51.495849,-0.100739,531940,179144,11337.81,12589.84
Elm Park,6,RM12 4RW,51.549125,0.197253,552446,185647,31843.81,6086.84
Elmers End,4,BR3 4EJ,51.398291,-0.049464,535788,168389,15185.81,23344.84
Elmstead Woods,4,BR7 5EW,51.417081,0.044229,542247,170656,21644.81,21077.84
Elstree and Borehamwood,6,WD6 3LS,51.652876,-0.279829,519098,196299,-1504.19,-4565.16
Eltham,4,SE9 6UB,51.455662,0.052329,542690,174962,22087.81,16771.84
Elverson Road,"2,3",SE8 4LA,51.468372,-0.016816,537848,176243,17245.81,15490.84
Embankment,1,WC2N 6NS,51.507312,-0.122367,530406,180380,9803.81,11353.84
Emerson Park,6,RM11 2JR,51.569115,0.220223,553971,187918,33368.81,3815.84
Enfield Chase,5,EN2 7AA,51.652722,-0.090704,532181,196607,11578.81,-4873.16
Enfield Lock,6,EN3 6BW,51.670846,-0.028391,536437,198737,15834.81,-7003.16
Enfield Town,5,EN1 1YB,51.65197,-0.07933,532970,196544,12367.81,-4810.16
Epping,6,CM16 4HW,51.693686,0.113826,546197,201552,25594.81,-9818.16
Epsom Downs,6,KT17 4JX,51.323659,-0.23897,522805,159756,2202.81,31977.84
Erith,6,DA8 1TY,51.481648,0.174261,551075,178096,30472.81,13637.84
Essex Road,2,N1 2SU,51.540633,-0.096366,532114,184132,11511.81,7601.84
Euston,1,NW1 2DU,51.528664,-0.133296,529587,182735,8984.81,8998.84
Euston Square,1,NW1 2BN,51.528664,-0.133296,529587,182735,8984.81,8998.84
Ewell East,6,KT17 1QR,51.345244,-0.241503,522571,162152,1968.81,29581.84
Ewell West,6,KT17 1TU,51.349991,-0.257089,521473,162654,870.81,29079.84
Fairlop,4,IG6 3HD,51.59611,0.090593,544902,190655,24299.81,1078.84
Falconwood,4,SE9 2RN,51.459086,0.07851,544498,175394,23895.81,16339.84
Farringdon,1,EC1M 6BY,51.520196,-0.104843,531585,181844,10982.81,9889.84
Feltham,6,TW13 4BY,51.447879,-0.409824,510601,173298,-10001.19,18435.84
Fenchurch Street,1,EC3M 4AJ,51.511567,-0.078554,533434,180932,12831.81,10801.84
Fieldway,"3,4,5,6",CR0 0QA,51.351317,-0.024503,537665,163212,17062.81,28521.84
Finchley Central,4,N3 2RY,51.600903,-0.193221,525232,190664,4629.81,1069.84
Finchley Road,2,NW6 3BS,51.547096,-0.180051,526293,184703,5690.81,7030.84
Finchley Road and Frognal,2,NW3 5HT,51.550119,-0.183651,526035,185033,5432.81,6700.84
Finsbury Park,2,N4 3JU,51.564635,-0.105881,531385,186784,10782.81,4949.84
Forest Gate,3,E7 0QH,51.549316,0.024189,540447,185322,19844.81,6411.84
Forest Hill,3,SE23 3HD,51.439308,-0.053329,535398,172943,14795.81,18790.84
Fulham Broadway,2,SW6 1BY,51.480261,-0.195544,525402,177244,4799.81,14489.84
Fulwell,6,TW2 5NY,51.433943,-0.349439,514832,171841,-5770.19,19892.84
Gallions Reach,3,E6 6FZ,51.509034,0.071775,543873,180935,23270.81,10798.84
Gants Hill,4,IG2 6UD,51.576553,0.066084,543266,188432,22663.81,3301.84
George Street,"3,4,5,6",CRO 1LA,51.373966,-0.098718,532432,165594,11829.81,26139.84
Gidea Park,6,RM2 6BX,51.581866,0.205977,552941,189306,32338.81,2427.84
Gipsy Hill,3,SE19 1PL,51.42447,-0.083835,533321,171237,12718.81,20496.84
Gloucester Road,1,SW7 4SF,51.4945,-0.183544,526196,178848,5593.81,12885.84
Golders Green,3,NW11 7RN,51.572216,-0.194835,525199,187471,4596.81,4262.84
Goldhawk Road,2,W12 8EG,51.502077,-0.227404,523131,179616,2528.81,12117.84
Goodge Street,1,W1T 2HF,51.520613,-0.134808,529505,181837,8902.81,9896.84
Goodmayes,4,IG3 9UH,51.566181,0.11173,546462,187369,25859.81,4364.84
Gordon Hill,5,EN2 0QU,51.663502,-0.094473,531889,197799,11286.81,-6065.16
Gospel Oak,2,NW5 1LT,51.555405,-0.151301,528263,185677,7660.81,6056.84
Grange Hill,4,IG7 5QB,51.61348,0.092273,544963,192590,24360.81,-856.16
Grange Park,5,N21 1RE,51.642623,-0.097314,531753,195472,11150.81,-3738.16
Gravel Hill,"3,4,5,6",CR0 5BJ,51.354543,-0.043122,536359,163536,15756.81,28197.84
Great Portland Street,1,W1W 5PP,51.523789,-0.143961,528861,182174,8258.81,9559.84
Green Park,1,W1J 7BX,51.50676,-0.142478,529012,180283,8409.81,11450.84
Greenford,4,UB6 8PR,51.54198,-0.345879,514808,183861,-5794.19,7872.84
Greenwich,"2,3",SE10 8JQ,51.477548,-0.014863,537956,177267,17353.81,14466.84
Grove Park,4,SE12 0PW,51.430433,0.022599,540702,172099,20099.81,19634.84
Gunnersbury,3,W4 5RP,51.491863,-0.275164,519843,178401,-759.19,13332.84
Hackbridge,4,SM6 7BJ,51.377861,-0.153879,528582,165929,7979.81,25804.84
Hackney Central,2,E8 1LL,51.547257,-0.05559,534922,184943,14319.81,6790.84
Hackney Downs,2,E8 1LA,51.549078,-0.060185,534598,185137,13995.81,6596.84
Hackney Wick,2,E9 5ER,51.543558,-0.025259,537036,184588,16433.81,7145.84
Hadley Wood,6,EN4 0EJ,51.668403,-0.176581,526197,198199,5594.81,-6465.16
Haggerston,2,E8 4DY,51.538685,-0.075595,533560,183953,12957.81,7780.84
Hainault,4,IG6 3BD,51.602845,0.094109,545124,191411,24521.81,322.84
Hammersmith (District),2,W6 9YA,51.49182,-0.222861,523474,178483,2871.81,13250.84
Hammersmith (Met.),2,W6 0ED,51.493483,-0.22464,523346,178665,2743.81,13068.84
Hampstead,2,NW3 1QG,51.556543,-0.178015,526408,185757,5805.81,5976.84
Hampstead Heath,3,NW3 2QD,51.5552,-0.164566,527344,185631,6741.81,6102.84
Hampton,6,TW12 2HU,51.41588,-0.372135,513299,169797,-7303.19,21936.84
Hampton Court,6,KT8 9AE,51.402294,-0.342757,515376,168332,-5226.19,23401.84
Hampton Wick,6,KT1 4DQ,51.41464,-0.313104,517407,169752,-3195.19,21981.84
Hanger Lane,3,W5 1DL,51.530072,-0.292996,518506,182621,-2096.19,9112.84
Hanwell,4,W7 3EB,51.512186,-0.338052,515426,180560,-5176.19,11173.84
Harlesden,3,NW10 8UT,51.536258,-0.257496,520952,183367,349.81,8366.84
Harold Wood,6,RM3 0BL,51.593202,0.234204,554858,190626,34255.81,1107.84
Harringay,3,N4 1RW,51.577358,-0.105208,531395,188200,10792.81,3533.84
Harringay Green Lanes,3,N4 2NU,51.577146,-0.098217,531880,188189,11277.81,3544.84
Harrington Road,"3,4,5,6",SE25 4NF,51.399791,-0.0607,535002,168535,14399.81,23198.84
Harrow and Wealdstone,5,HA3 7RF,51.592595,-0.334253,515486,189508,-5116.19,2225.84
Harrow-on-the-Hill,5,HA1 1BB,51.579388,-0.337002,515329,188035,-5273.19,3698.84
Hatch End,6,HA5 5LZ,51.609829,-0.369179,513024,191370,-7578.19,363.84
Hatton Cross,"5,6",TW6 3PF,51.466685,-0.423381,509614,175369,-10988.19,16364.84
Haydons Road,3,SW19 8SL,51.425457,-0.188929,526012,171161,5409.81,20572.84
Hayes,5,BR2 7EN,51.375737,0.010143,540003,165993,19400.81,25740.84
Hayes and Harlington,5,UB3 4BX,51.503049,-0.420642,509717,179417,-10885.19,12316.84
Headstone Lane,5,HA2 6NB,51.6025,-0.356908,513892,190574,-6710.19,1159.84
Heathrow Terminal 4,6,TW6 3AA,51.45978,-0.44773,507939,174565,-12663.19,17168.84
Heathrow Terminal 5,6,TW6 2GA,51.470025,-0.490647,504934,175642,-15668.19,16091.84
Heathrow Terminals 1 2 3,6,TW6 1EB,51.471289,-0.452407,507587,175838,-13015.19,15895.84
Hendon,"3,4",NW4 4PT,51.580075,-0.238631,522143,188271,1540.81,3462.84
Hendon Central,"3,4",NW4 3AS,51.583133,-0.226734,522959,188631,2356.81,3102.84
Herne Hill,"2,3",SE24 0JW,51.453991,-0.102563,531934,174486,11331.81,17247.84
Heron Quays,2,E14 4JH,51.503387,-0.021954,537386,180127,16783.81,11606.84
High Barnet,5,EN5 5RP,51.651688,-0.194165,525027,196310,4424.81,-4576.16
High Street Kensington,1,W8 5SA,51.500729,-0.191566,525622,179527,5019.81,12206.84
Highams Park,4,E4 9LA,51.608356,-0.000135,538581,191841,17978.81,-107.16
Highbury and Islington,2,N1 1SE,51.546496,-0.104082,531562,184770,10959.81,6963.84
Highgate,3,N6 5BH,51.577647,-0.146935,528503,188158,7900.81,3575.84
Hillingdon,6,UB10 9NR,51.553778,-0.449898,507567,185015,-13035.19,6718.84
Hither Green,3,SE13 5NF,51.452402,-0.000971,538997,174497,18394.81,17236.84
Holborn,1,WC2B 6AA,51.517236,-0.119841,530553,181488,9950.81,10245.84
Holland Park,2,W11 3RB,51.507146,-0.206558,524564,180215,3961.81,11518.84
Holloway Road,2,N7 8HS,51.552816,-0.112936,530930,185457,10327.81,6276.84
Homerton,2,E9 5SD,51.546595,-0.038512,536108,184901,15505.81,6832.84
Honor Oak Park,3,SE23 3LE,51.450648,-0.044153,536002,174221,15399.81,17512.84
Hornchurch,6,RM12 6LS,51.554355,0.218927,553931,186274,33328.81,5459.84
Hornsey,3,N8 8SE,51.586475,-0.111816,530911,189202,10308.81,2531.84
Hounslow,5,TW3 3DL,51.462505,-0.361796,513902,174998,-6700.19,16735.84
Hounslow Central,4,TW3 1JG,51.470926,-0.365958,513592,175928,-7010.19,15805.84
Hounslow East,4,TW3 4AB,51.473708,-0.355275,514327,176254,-6275.19,15479.84
Hounslow West,5,TW3 3DH,51.473106,-0.385708,512215,176140,-8387.19,15593.84
Hoxton,"1,2",E2 8HR,51.531392,-0.075586,533582,183142,12979.81,8591.84
Hyde Park Corner,1,SW1X 7LY,51.502584,-0.152474,528330,179801,7727.81,11932.84
Ickenham,6,UB10 8PD,51.560825,-0.44158,508127,185811,-12475.19,5922.84
Ilford,4,IG1 4DU,51.559142,0.068685,543501,186501,22898.81,5232.84
Imperial Wharf,2,SW6 2HA,51.474939,-0.182838,526299,176674,5696.81,15059.84
Island Gardens,2,E14 3FA,51.48795,-0.010493,538228,178432,17625.81,13301.84
Isleworth,4,TW7 4BX,51.475037,-0.337329,515570,176430,-5032.19,15303.84
Iver,,SL0 9AU,51.508502,-0.50674,503729,179898,-16873.19,11835.84
Kenley,6,CR8 5JA,51.3246,-0.10122,532400,160100,11797.81,31633.84
Kennington,2,SE11 4JQ,51.488662,-0.105071,531660,178337,11057.81,13396.84
Kensal Green,2,NW10 5JT,51.530524,-0.224713,523241,182784,2638.81,8949.84
Kensal Rise,2,NW10 3NT,51.534215,-0.220821,523501,183201,2898.81,8532.84
Kensington (Olympia),2,W14 0NE,51.49788,-0.210379,524324,179178,3721.81,12555.84
Kent House,4,BR3 1JF,51.412718,-0.045816,535999,170000,15396.81,21733.84
Kentish Town,2,NW5 2AA,51.55001,-0.140471,529029,185096,8426.81,6637.84
Kentish Town West,2,NW5 3LD,51.546548,-0.146756,528603,184700,8000.81,7033.84
Kenton,4,HA3 0XS,51.581496,-0.315217,516833,188304,-3769.19,3429.84
Kew Bridge,3,TW8 0EF,51.490005,-0.288846,518898,178172,-1704.19,13561.84
Kew Gardens,"3,4",TW9 3PZ,51.476789,-0.285381,519173,176708,-1429.19,15025.84
Kidbrooke,3,SE3 9NF,51.46269,0.0283,540999,175697,20396.81,16036.84
Kilburn,2,NW6 7QL,51.546944,-0.204633,524589,184644,3986.81,7089.84
Kilburn High Road,2,NW6 7QL,51.537268,-0.191113,525553,183591,4950.81,8142.84
Kilburn Park,2,NW6 5AD,51.535136,-0.193966,525361,183349,4758.81,8384.84
King George V,3,E16 2JF,51.502009,0.062206,543231,180135,22628.81,11598.84
King Henry's Drive,"3,4,5,6",CR0 0LH,51.345364,-0.020265,537978,162558,17375.81,29175.84
King's Cross,1,N1 9AL,51.530798,-0.122756,530312,182991,9709.81,8742.84
Kings Cross St. Pancras,1,N1 9AL,51.530312,-0.123872,530236,182935,9633.81,8798.84
Kingsbury,4,NW9 9EG,51.584877,-0.278602,519361,188739,-1241.19,2994.84
Kingston,6,KT1 1UJ,51.412642,-0.301141,518244,169549,-2358.19,22184.84
Kingswood,6,KT20 6EN,51.294723,-0.211233,524816,156585,4213.81,35148.84
Knightsbridge,1,SW3 1ED,51.501355,-0.160664,527765,179650,7162.81,12083.84
Knockholt,6,TN14 7HR,51.345752,0.130831,548499,162896,27896.81,28837.84
Ladbroke Grove,2,W10 6HJ,51.517211,-0.210198,524284,181328,3681.81,10405.84
Ladywell,3,SE13 7XB,51.456192,-0.019244,537716,174884,17113.81,16849.84
Lambeth North,1,SE1 7XG,51.49913,-0.111768,531165,179489,10562.81,12244.84
Lancaster Gate,1,W2 4QH,51.511891,-0.17543,526711,180796,6108.81,10937.84
Langdon Park,2,E14 6NW,51.518884,-0.015214,537807,181863,17204.81,9870.84
Langley,,SL3 6DB,51.508062,-0.541771,501299,179800,-19303.19,11933.84
Latimer Road,2,W10 6SZ,51.513958,-0.21746,523789,180954,3186.81,10779.84
Lea Bridge,3,E10 7PG,51.566636,-0.036683,536175,187133,15572.81,4600.84
Lebanon Road,"3,4,5,6",CR0 6SF,51.375199,-0.084974,533385,165756,12782.81,25977.84
Lee,3,SE12 9JG,51.449459,0.013365,540002,174197,19399.81,17536.84
Leicester Square,1,WC2H 0AP,51.511291,-0.128242,529987,180812,9384.81,10921.84
Lewisham,"2,3",SE13 7RY,51.464881,-0.012433,538163,175863,17560.81,15870.84
Leyton,3,E10 5PS,51.558132,-0.006465,538295,186244,17692.81,5489.84
Leyton Midland Road,3,E10 6JT,51.569364,-0.008066,538150,187490,17547.81,4243.84
Leytonstone,"3,4",E11 1HE,51.568522,0.00914,539345,187429,18742.81,4304.84
Leytonstone High Road,3,E11 4RE,51.563807,0.008254,539298,186903,18695.81,4830.84
Limehouse,2,E14 7JD,51.512312,-0.03938,536150,181087,15547.81,10646.84
Liverpool Street,1,EC2M 7PR,51.517598,-0.08225,533160,181596,12557.81,10137.84
Lloyd Park,"3,4,5,6",CR0 5RA,51.364276,-0.080746,533711,164549,13108.81,27184.84
London Bridge,1,SE1 2SW,51.504674,-0.086006,532937,180152,12334.81,11581.84
London City Airport,3,E16 2DS,51.50369,0.047873,542231,180294,21628.81,11439.84
London Fields,2,E8 3PH,51.540719,-0.0577,534795,184212,14192.81,7521.84
Loughborough Junction,2,SW9 8SA,51.466679,-0.102497,531902,175897,11299.81,15836.84
Loughton,6,IG10 4PD,51.64157,0.055279,542314,195641,21711.81,-3907.16
Lower Sydenham,4,SE26 5AU,51.424847,-0.03333,536831,171372,16228.81,20361.84
Maida Vale,2,W9 1JS,51.529995,-0.185433,525967,182792,5364.81,8941.84
Maidenhead,,SL6 1EW,51.518669,-0.722675,488724,180745,-31878.19,10988.84
Malden Manor,4,KT3 5PN,51.38461,-0.26112,521101,166497,498.81,25236.84
Manor House,"2,3",N4 1BZ,51.570747,-0.095685,532074,187482,11471.81,4251.84
Manor Park,"3,4",E12 5EP,51.552854,0.045724,541929,185757,21326.81,5976.84
Mansion House,1,EC4N 6JD,51.512092,-0.094198,532347,180962,11744.81,10771.84
Marble Arch,1,W1C 2JS,51.513965,-0.158571,527875,181056,7272.81,10677.84
Maryland,3,E15 1SA,51.545668,0.005682,539175,184881,18572.81,6852.84
Marylebone,1,NW1 6JJ,51.522397,-0.163493,527510,181985,6907.81,9748.84
Maze Hill,3,SE10 9XG,51.483014,0.003205,539194,177909,18591.81,13824.84
Meridian Water,4,N18 3HF,51.608312,-0.05096,535062,191741,14459.81,-7.16
Merton Park,"3,4,5,6",SW19 3HA,51.413392,-0.201342,525182,169798,4579.81,21935.84
Mile End,2,E3 4DH,51.525311,-0.032666,536577,182545,15974.81,9188.84
Mill Hill Broadway,4,NW7 2JU,51.612871,-0.249537,521300,191900,697.81,-166.16
Mill Hill East,4,NW7 1BS,51.608317,-0.209896,524057,191460,3454.81,273.84
Mitcham,"3,4,5,6",CR4 4BD,51.397489,-0.170872,527345,168082,6742.81,23651.84
Mitcham Eastfields,3,CR4 2ND,51.408384,-0.154002,528488,169323,7885.81,22410.84
Mitcham Junction,4,CR4 4HN,51.393043,-0.157437,528292,167611,7689.81,24122.84
Monument,1,EC4R 9AA,51.51063,-0.086188,532907,180814,12304.81,10919.84
Moor Park,"6,7",HA6 2JQ,51.629931,-0.432913,508563,193509,-12039.19,-1775.16
Moorgate,1,EC2M 6TX,51.518437,-0.089018,532688,181677,12085.81,10056.84
Morden,4,SM4 5AZ,51.402186,-0.194852,525664,168563,5061.81,23170.84
Morden Road,"3,4,5,6",SW19 3BX,51.408872,-0.192806,525788,169310,5185.81,22423.84
Morden South,4,SM4 5AN,51.396308,-0.200302,525301,167900,4698.81,23833.84
Mornington Crescent,2,NW1 2JA,51.534362,-0.138744,529193,183359,8590.81,8374.84
Mortlake,3,SW14 8LN,51.468168,-0.267203,520458,175779,-144.19,15954.84
Motspur Park,4,KT3 6JJ,51.39532,-0.23944,522581,167724,1978.81,24009.84
Mottingham,4,SE9 4EN,51.439825,0.050324,542600,173197,21997.81,18536.84
Mudchute,2,E14 9UW,51.491236,-0.01496,537908,178789,17305.81,12944.84
Neasden,3,NW10 1PH,51.554628,-0.250115,521415,185422,812.81,6311.84
New Addington,"3,4,5,6",CR0 0DE,51.342591,-0.017383,538187,162255,17584.81,29478.84
New Barnet,5,EN5 1QT,51.648537,-0.17297,526502,195996,5899.81,-4262.16
New Beckenham,4,BR3 1QW,51.416706,-0.035305,536718,170463,16115.81,21270.84
New Cross,2,SE14 6LD,51.476429,-0.032279,536750,177110,16147.81,14623.84
New Cross Gate,2,SE14 6AR,51.475265,-0.039529,536250,176967,15647.81,14766.84
New Eltham,4,SE9 2AB,51.437691,0.070445,544005,172999,23402.81,18734.84
New Malden,4,KT3 4PX,51.403556,-0.256218,521392,168612,789.81,23121.84
New Southgate,4,N11 1QH,51.614094,-0.14301,528672,192218,8069.81,-484.16
Newbury Park,4,IG2 7RN,51.575638,0.090303,544947,188378,24344.81,3355.84
Nine Elms,1,,51.480001,-0.128501,530058,177332,9455.81,14401.84
Norbiton,5,KT2 7AZ,51.411909,-0.2842,519424,169495,-1178.19,22238.84
Norbury,3,SW16 3RW,51.411189,-0.122799,530650,169690,10047.81,22043.84
North Acton,"2,3",W3 6UP,51.523432,-0.25973,520831,181937,228.81,9796.84
North Dulwich,"2,3",SE21 7BX,51.454482,-0.087919,532950,174567,12347.81,17166.84
North Ealing,3,W5 3AF,51.517622,-0.288994,518816,181243,-1786.19,10490.84
North Greenwich,"2,3",SE10 0PH,51.500255,0.003586,539168,179827,18565.81,11906.84
North Harrow,5,HA2 7SR,51.584631,-0.362633,513540,188578,-7062.19,3155.84
North Sheen,3,TW9 4QA,51.46542,-0.286397,519132,175442,-1470.19,16291.84
North Wembley,4,HA0 3NT,51.562396,-0.303948,517663,186198,-2939.19,5535.84
Northfields,3,W13 9QU,51.500492,-0.315065,517051,179296,-3551.19,12437.84
Northolt,5,UB5 4AA,51.548213,-0.368441,513228,184519,-7374.19,7214.84
Northolt Park,5,UB5 4XE,51.557619,-0.359434,513829,185579,-6773.19,6154.84
Northumberland Park,3,N17 0HY,51.602016,-0.054132,534861,191035,14258.81,698.84
Northwick Park,4,HA3 0AT,51.578509,-0.318199,516634,187967,-3968.19,3766.84
Northwood,6,HA6 2XL,51.611214,-0.423838,509236,191441,-11366.19,292.84
Northwood Hills,6,HA6 1NZ,51.600803,-0.409311,510267,190305,-10335.19,1428.84
Norwood Junction,4,SE25 5AG,51.396954,-0.07521,534001,168193,13398.81,23540.84
Notting Hill Gate,"1,2",W11 3HT,51.509375,-0.195922,525296,180481,4693.81,11252.84
Nunhead,2,SE15 3XE,51.46658,-0.05368,535293,175975,14690.81,15758.84
Oakleigh Park,4,EN5 1BU,51.637676,-0.166195,527001,194800,6398.81,-3066.16
Oakwood,5,N14 4UT,51.647638,-0.131854,529349,195968,8746.81,-4234.16
Ockendon,7,RM15 6PD,51.52199,0.290483,559004,182828,38401.81,8905.84
Old Street,1,EC1V 9NR,51.525581,-0.087623,532764,182474,12161.81,9259.84
Orpington,6,BR6 0SX,51.37352,0.089029,545500,165900,24897.81,25833.84
Osterley,4,TW7 4PU,51.481217,-0.352096,514529,177094,-6073.19,14639.84
Oval,2,SE11 4PP,51.481413,-0.113321,531108,177516,10505.81,14217.84
Oxford Circus,1,W1C 2JS,51.515223,-0.140836,529102,181227,8499.81,10506.84
Paddington,1,W2 1RH,51.515394,-0.175737,526680,181185,6077.81,10548.84
Palmers Green,4,N13 4PN,51.618787,-0.110272,530925,192798,10322.81,-1064.16
Park Royal,3,W5 3EL,51.526834,-0.284929,519074,182274,-1528.19,9459.84
Parsons Green,2,SW6 4HU,51.47496,-0.201124,525029,176645,4426.81,15088.84
Peckham Rye,2,SE15 5DQ,51.469511,-0.069984,534152,176271,13549.81,15462.84
Penge East,4,SE20 7BQ,51.419975,-0.054495,535374,170791,14771.81,20942.84
Penge West,4,SE20 8NU,51.418063,-0.060646,534952,170567,14349.81,21166.84
Perivale,4,UB6 7NP,51.536342,-0.32307,516404,183270,-4198.19,8463.84
Petts Wood,5,BR5 1LZ,51.388599,0.07448,544440,167548,23837.81,24185.84
Phipps Bridge,"3,4,5,6",CR4 3QN,51.403377,-0.182297,526534,168717,5931.81,23016.84
Piccadilly Circus,1,W1J 9HS,51.509697,-0.133712,529612,180625,9009.81,11108.84
Pimlico,1,SW1V 2JA,51.489553,-0.133108,529711,178386,9108.81,13347.84
Pinner,5,HA5 5LZ,51.592362,-0.381224,512233,189409,-8369.19,2324.84
Plaistow,3,E13 0DY,51.531288,0.017781,540058,183305,19455.81,8428.84
Plumstead,4,SE18 7EA,51.489792,0.0843,544803,178820,24200.81,12913.84
Ponders End,5,EN3 4LA,51.642731,-0.034525,536097,195599,15494.81,-3865.16
Pontoon Dock,3,E16 2SB,51.502216,0.033326,541226,180102,20623.81,11631.84
Poplar,2,E14 0DS,51.507588,-0.017275,537698,180603,17095.81,11130.84
Preston Road,4,HA3 0PS,51.572104,-0.294972,518260,187292,-2342.19,4441.84
Prince Regent,3,E16 3HE,51.509435,0.033489,541215,180905,20612.81,10828.84
Pudding Mill Lane,"2,3",E15 2PH,51.534328,-0.012769,537930,183585,17327.81,8148.84
Purfleet,7,RM16 1PL,51.481173,0.236775,555417,178174,34814.81,13559.84
Purley,6,CR8 2AP,51.337364,-0.113614,531500,161497,10897.81,30236.84
Purley Oaks,6,CR2 0ND,51.346989,-0.098815,532503,162594,11900.81,29139.84
Putney,"2,3",SW15 1RT,51.460953,-0.216603,523992,175061,3389.81,16672.84
Putney Bridge,2,SW6 3UH,51.467865,-0.209365,524476,175842,3873.81,15891.84
Queens Park,2,NW6 6HJ,51.534313,-0.204798,524612,183239,4009.81,8494.84
Queens Road Peckham,2,SE15 2JR,51.474285,-0.057355,535015,176825,14412.81,14908.84
Queensbury,4,HA8 5NP,51.593883,-0.286332,518802,189728,-1800.19,2005.84
Queenstown Road,2,SW8 3RX,51.474959,-0.147355,528763,176738,8160.81,14995.84
Queensway,1,W2 4SS,51.510449,-0.18742,525883,180615,5280.81,11118.84
Rainham,6,RM13 9YH,51.517341,0.190692,552097,182099,31494.81,9634.84
Ravensbourne,4,BR3 5HE,51.41387,-0.006938,538699,170201,18096.81,21532.84
Ravenscourt Park,2,W6 0UG,51.494068,-0.235969,522558,178711,1955.81,13022.84
Rayners Lane,5,HA5 5EG,51.575397,-0.371061,512979,187538,-7623.19,4195.84
Raynes Park,4,SW20 8NE,51.409375,-0.229913,523206,169303,2603.81,22430.84
Reading,,RG1 1LZ,51.458786,-0.971878,471527,173813,-49075.19,17920.84
Rectory Road,2,N16 7QB,51.558763,-0.068386,534001,186199,13398.81,5534.84
Redbridge,4,IG4 5BG,51.576367,0.045394,541833,188371,21230.81,3362.84
Reedham,6,CR8 2DG,51.331442,-0.123403,530835,160821,10232.81,30912.84
Reeves Corner,"3,4,5,6",CR0 1XP,51.375277,-0.10638,531895,165726,11292.81,26007.84
Regents Park,1,NW1 5HA,51.523811,-0.145344,528765,182174,8162.81,9559.84
Richmond,4,TW9 2AZ,51.463233,-0.301739,518072,175174,-2530.19,16559.84
Rickmansworth,7,WD3 1QY,51.640323,-0.473685,505717,194605,-14885.19,-2871.16
Riddlesdown,6,CR8 1HN,51.332675,-0.099494,532497,161001,11894.81,30732.84
Roding Valley,4,IG9 6LN,51.616956,0.044026,541612,192882,21009.81,-1148.16
Romford,6,RM1 1SX,51.574642,0.183055,551377,188455,30774.81,3278.84
Rotherhithe,2,SE16 4LF,51.501595,-0.052966,535239,179870,14636.81,11863.84
Royal Albert,3,E16 2QD,51.508494,0.045177,542029,180823,21426.81,10910.84
Royal Oak,2,W2 6ET,51.518294,-0.188824,525764,181485,5161.81,10248.84
Royal Victoria,3,E16 1DE,51.509055,0.017965,540139,180833,19536.81,10900.84
Ruislip,6,HA4 8LD,51.572162,-0.421235,509510,187102,-11092.19,4631.84
Ruislip Gardens,5,HA4 6LG,51.55996,-0.409294,510367,185763,-10235.19,5970.84
Ruislip Manor,6,HA4 9AA,51.573452,-0.412849,510088,187258,-10514.19,4475.84
Russell Square,1,WC1N 1LG,51.523013,-0.12459,530207,182122,9604.81,9611.84
Sanderstead,6,CR2 0PL,51.348246,-0.093708,532855,162743,12252.81,28990.84
Sandilands,"3,4,5,6",CR0 5PN,51.375022,-0.078027,533869,165749,13266.81,25984.84
Selhurst,4,SE25 6LL,51.392186,-0.089899,532993,167636,12390.81,24097.84
Seven Kings,4,IG3 8RE,51.563993,0.09632,545401,187095,24798.81,4638.84
Seven Sisters,3,N15 5LA,51.583362,-0.072467,533646,188927,13043.81,2806.84
Shadwell,2,E1 2QE,51.5113,-0.056919,534936,180942,14333.81,10791.84
Shenfield,7,CM15 8JD,51.630873,0.329952,561356,195022,40753.81,-3288.16
Shepherds Bush,2,W12 8LH,51.504532,-0.218519,523741,179904,3138.81,11829.84
Shepherds Bush Market,2,W12 7JD,51.505881,-0.2274,523121,180039,2518.81,11694.84
Shoreditch High Street,1,E1 6AW,51.523467,-0.077087,533501,182258,12898.81,9475.84
Shortlands,4,BR2 0JA,51.405602,0.002768,539399,169300,18796.81,22433.84
Sidcup,5,DA15 7AW,51.434398,0.103315,546300,172698,25697.81,19035.84
Silver Street,4,N18 1QX,51.615242,-0.07259,533544,192472,12941.81,-738.16
Slade Green,6,DA8 2NX,51.467748,0.190518,552250,176584,31647.81,15149.84
Sloane Square,1,SW1W 8BB,51.49236,-0.156489,528080,178657,7477.81,13076.84
Slough,,SL1 1XW,51.51188,-0.591525,497838,180157,-22764.19,11576.84
Snaresbrook,4,E11 1QE,51.580891,0.021464,540161,188828,19558.81,2905.84
South Acton,3,W3 0DS,51.499686,-0.270215,520166,179279,-436.19,12454.84
South Bermondsey,2,SE16 2PL,51.487677,-0.054755,535156,178319,14553.81,13414.84
South Croydon,5,CR2 7PA,51.36275,-0.092517,532896,164358,12293.81,27375.84
South Ealing,3,W5 4QB,51.501644,-0.30704,517605,179437,-2997.19,12296.84
South Greenford,4,UB6 2WE,51.534028,-0.336737,515462,182991,-5140.19,8742.84
South Hampstead,2,NW8 0DJ,51.541477,-0.178371,526425,184081,5822.81,7652.84
South Harrow,5,HA2 8HN,51.56468,-0.351894,514334,186376,-6268.19,5357.84
South Kensington,1,SW7 2NB,51.494071,-0.173923,526865,178817,6262.81,12916.84
South Kenton,4,HA9 8QT,51.571044,-0.308143,517350,187153,-3252.19,4580.84
South Merton,4,SW20 9JT,51.403241,-0.20555,524917,168662,4314.81,23071.84
South Quay,2,E14 9SH,51.500864,-0.018461,537636,179853,17033.81,11880.84
South Ruislip,5,HA4 6TP,51.55689,-0.399116,511080,185437,-9522.19,6296.84
South Tottenham,3,N15 6ND,51.580403,-0.071856,533697,188599,13094.81,3134.84
South Wimbledon,"3,4",SW19 1DE,51.415361,-0.191975,525828,170033,5225.81,21700.84
South Woodford,4,E18 1JJ,51.591553,0.027943,540577,190026,19974.81,1707.84
Southall,4,UB2 4AA,51.505957,-0.378711,512620,179804,-7982.19,11929.84
Southbury,5,EN3 4HW,51.648434,-0.052983,534803,196199,14200.81,-4465.16
Southfields,3,SW18 5RJ,51.444883,-0.206609,524730,173291,4127.81,18442.84
Southgate,4,N14 5BH,51.632376,-0.12777,529675,194278,9072.81,-2544.16
Southwark,1,SE1 8NW,51.503854,-0.105795,531566,180025,10963.81,11708.84
St Helier,4,SM4 6SF,51.389912,-0.199015,525408,167191,4805.81,24542.84
St James Street,3,E17 7PJ,51.580609,-0.032805,536402,188694,15799.81,3039.84
St Johns,2,SE8 4EW,51.468975,-0.023241,537400,176298,16797.81,15435.84
St Margarets,4,TW1 2LH,51.455206,-0.321324,516732,174250,-3870.19,17483.84
St Mary Cray,6,BR5 3SN,51.394759,0.107218,546698,168298,26095.81,23435.84
St Pancras,1,NW1 2QP,51.530554,-0.125506,530122,182959,9519.81,8774.84
St. James's Park,1,SW1H 0BD,51.49961,-0.133879,529629,179503,9026.81,12230.84
St. Johns Wood,2,NW8 6DN,51.534854,-0.174065,526742,183352,6139.81,8381.84
St. Pauls,1,EC2V 6AA,51.514835,-0.097571,532105,181261,11502.81,10472.84
Stamford Brook,2,W6 0SB,51.49445,-0.245246,521913,178738,1310.81,12995.84
Stamford Hill,3,N16 5AG,51.574448,-0.076668,533381,187928,12778.81,3805.84
Stanmore,5,HA7 4PD,51.619673,-0.303099,517574,192569,-3028.19,-835.16
Star Lane,3,E16 4SR,51.520604,0.004191,539148,182091,18545.81,9642.84
Stepney Green,2,E1 4AQ,51.521996,-0.047383,535566,182149,14963.81,9584.84
Stockwell,2,SW9 9AE,51.472159,-0.122846,530473,176470,9870.81,15263.84
Stoke Newington,2,N16 6YA,51.564638,-0.072335,533710,186845,13107.81,4888.84
Stonebridge Park,3,NW10 0RW,51.543987,-0.2754,519690,184197,-912.19,7536.84
Stoneleigh,5,KT17 2JA,51.363364,-0.24871,522021,164155,1418.81,27578.84
Stratford,3,E15 1AZ,51.541693,-0.003752,538533,184421,17930.81,7312.84
Stratford High Street,3,E15 3PA,51.538149,-0.00108,538729,184032,18126.81,7701.84
Stratford International,3,E15 2LZ,51.544809,-0.008778,538175,184758,17572.81,6975.84
Strawberry Hill,5,TW1 4PP,51.439748,-0.339618,515500,172502,-5102.19,19231.84
Streatham,3,SW16 6HP,51.425846,-0.132325,529946,171303,9343.81,20430.84
Streatham Common,3,SW16 5NT,51.418985,-0.135726,529729,170534,9126.81,21199.84
Streatham Hill,3,SW2 4PA,51.43846,-0.127681,530233,172714,9630.81,19019.84
Sudbury and Harrow Road,4,HA0 2HA,51.554494,-0.315926,516853,185300,-3749.19,6433.84
Sudbury Hill,4,HA1 3RA,51.55734,-0.336392,515427,185584,-5175.19,6149.84
Sudbury Hill Harrow,4,HA1 3RJ,51.558342,-0.335447,515490,185697,-5112.19,6036.84
Sudbury Town,4,HA0 2LA,51.551397,-0.316343,516832,184955,-3770.19,6778.84
Sundridge Park,4,BR1 3TR,51.413394,0.020365,540599,170200,19996.81,21533.84
Surbiton,6,KT6 4PE,51.3926,-0.304385,518070,167315,-2532.19,24418.84
Surrey Quays,2,SE16 2UE,51.493267,-0.04753,535641,178954,15038.81,12779.84
Sutton,5,SM1 1JA,51.359506,-0.191302,526028,163823,5425.81,27910.84
Sutton Common,4,SM1 3HY,51.375555,-0.19692,525593,165598,4990.81,26135.84
Swiss Cottage,2,NW3 6HY,51.543035,-0.175627,526611,184259,6008.81,7474.84
Sydenham,3,SE26 5EU,51.427341,-0.055089,535311,171609,14708.81,20124.84
Sydenham Hill,3,SE21 7HW,51.432576,-0.08023,533548,172145,12945.81,19588.84
Syon Lane,4,TW7 5NT,51.481475,-0.326495,516306,177163,-4296.19,14570.84
Tadworth,6,KT20 5SP,51.291628,-0.236008,523097,156199,2494.81,35534.84
Taplow,,SL6 0NU,51.523562,-0.681385,491579,181340,-29023.19,10393.84
Tattenham Corner,6,KT18 5PR,51.309181,-0.242566,522593,158140,1990.81,33593.84
Teddington,6,TW11 9AA,51.424497,-0.332705,516019,170817,-4583.19,20916.84
Temple,1,WC2R 2PH,51.511041,-0.113726,530995,180810,10392.81,10923.84
Thames Ditton,6,KT7 0PA,51.388616,-0.338293,515721,166818,-4881.19,24915.84
Theobalds Grove,7,EN8 7BG,51.692373,-0.034748,535933,201119,15330.81,-9385.16
Therapia Lane,"3,4,5,6",CR0 3DD,51.385686,-0.129017,530290,166843,9687.81,24890.84
Theydon Bois,6,CM16 7EU,51.672552,0.102891,545509,199180,24906.81,-7446.16
Thornton Heath,4,CR7 8RX,51.398481,-0.100433,532242,168317,11639.81,23416.84
Tolworth,5,KT5 9NU,51.376843,-0.27962,519834,165603,-768.19,26130.84
Tooting,3,SW17 9JR,51.419897,-0.161002,527969,170591,7366.81,21142.84
Tooting Bec,3,SW17 9AH,51.435838,-0.1597,528015,172366,7412.81,19367.84
Tooting Broadway,3,SW17 0SU,51.427049,-0.168685,527415,171373,6812.81,20360.84
Tottenham Court Road,1,W1D 2DA,51.516211,-0.13111,529774,181354,9171.81,10379.84
Tottenham Hale,3,N17 9LR,51.587998,-0.060188,534483,189465,13880.81,2268.84
Totteridge and Whetstone,4,N20 9QP,51.630247,-0.179354,526111,193951,5508.81,-2217.16
Tower Gateway,1,EC3N 1JL,51.510393,-0.07441,533725,180809,13122.81,10924.84
Tower Hill,1,EC3N 4DJ,51.510394,-0.076701,533566,180805,12963.81,10928.84
Tufnell Park,2,N19 5QB,51.556441,-0.137742,529200,185816,8597.81,5917.84
Tulse Hill,3,SE27 9BW,51.439797,-0.105123,531797,172903,11194.81,18830.84
Turkey Street,6,EN3 5TT,51.672654,-0.04723,535129,198903,14526.81,-7169.16
Turnham Green,2,W4 1LR,51.495182,-0.254525,521267,178804,664.81,12929.84
Turnpike Lane,3,N15 3NX,51.590358,-0.102805,531524,189650,10921.81,2083.84
Twickenham,5,TW1 1BD,51.450251,-0.32886,516221,173687,-4381.19,18046.84
Twyford,,RG10 9NA,51.475534,-0.863307,479041,175787,-41561.19,15946.84
Upminster,6,RM14 2TD,51.558763,0.251401,556167,186833,35564.81,4900.84
Upminster Bridge,6,RM12 6PL,51.557719,0.234542,555002,186681,34399.81,5052.84
Upney,4,IG11 9LS,51.538406,0.101532,545844,184260,25241.81,7473.84
Upper Holloway,2,N19 4DJ,51.563623,-0.129109,529778,186630,9175.81,5103.84
Upper Warlingham,6,CR3 0EP,51.308772,-0.077482,534100,158383,13497.81,33350.84
Upton Park,3,E13 9AP,51.536628,0.034542,541204,183931,20601.81,7802.84
Uxbridge,6,UB8 1JZ,51.546455,-0.477102,505698,184161,-14904.19,7572.84
Vauxhall,"1,2",SW8 1SR,51.485736,-0.12383,530366,177978,9763.81,13755.84
Victoria,1,SW1E 5JX,51.496424,-0.143921,528941,179131,8338.81,12602.84
Waddon,5,CR0 4NA,51.367379,-0.117394,531151,164828,10548.81,26905.84
Waddon Marsh,"3,4,5,6",CR0 4XT,51.377083,-0.117987,531082,165906,10479.81,25827.84
Wallington,5,SM6 0DZ,51.360332,-0.150864,528841,163985,8238.81,27748.84
Waltham Cross,7,EN8 7LU,51.685257,-0.026564,536520,200343,15917.81,-8609.16
Walthamstow Central,3,E17 7LP,51.583018,-0.019941,537286,188986,16683.81,2747.84
Walthamstow Queens Road,3,E17 7QZ,51.581546,-0.023844,537020,188815,16417.81,2918.84
Wandle Park,"3,4,5,6",CR0 4JS,51.373401,-0.113253,531422,165505,10819.81,26228.84
Wandsworth Common,3,SW12 8NL,51.446366,-0.163537,527719,173530,7116.81,18203.84
Wandsworth Road,2,SW8 4PA,51.470223,-0.139038,529354,176226,8751.81,15507.84
Wandsworth Town,2,SW18 1SU,51.461034,-0.18791,525985,175119,5382.81,16614.84
Wanstead,4,E11 2NT,51.574902,0.02876,540685,188176,20082.81,3557.84
Wanstead Park,3,E7 0HU,51.551778,0.02639,540592,185600,19989.81,6133.84
Wapping,2,E1W 3PA,51.50434,-0.055861,535030,180170,14427.81,11563.84
Warren Street,1,NW1 3AA,51.52458,-0.138278,529253,182272,8650.81,9461.84
Warwick Avenue,2,W9 2PT,51.523104,-0.182953,526158,182030,5555.81,9703.84
Waterloo,1,SE1 7NY,51.503147,-0.113259,531050,179933,10447.81,11800.84
Waterloo East,1,SE1 8NH,51.504169,-0.109154,531332,180054,10729.81,11679.84
Watford,7,WD18 7LE,51.657605,-0.41727,509579,196610,-11023.19,-4876.16
Watford High Street,8,WD17 2EG,51.652654,-0.391697,511360,196098,-9242.19,-4364.16
Watford Junction,,WD17 1ET,51.663883,-0.396172,511023,197340,-9579.19,-5606.16
Wellesley Road,"3,4,5,6",CR0 2DD,51.375368,-0.097525,532511,165752,11908.81,25981.84
Welling,4,DA16 3AT,51.464777,0.101775,546096,176073,25493.81,15660.84
Wembley Central,4,HA9 6AG,51.551865,-0.296392,518214,185039,-2388.19,6694.84
Wembley Park,4,HA9 9AA,51.563322,-0.279243,519373,186341,-1229.19,5392.84
Wembley Stadium,4,HA9 8BQ,51.554655,-0.286046,518924,185366,-1678.19,6367.84
West Acton,3,W3 6UP,51.51777,-0.280657,519394,181273,-1208.19,10460.84
West Brompton,2,SW5 9JX,51.487329,-0.195539,525383,178030,4780.81,13703.84
West Croydon,5,CR0 2TA,51.378552,-0.102034,532188,166098,11585.81,25635.84
West Drayton,6,UB7 9DY,51.510071,-0.472176,506124,180122,-14478.19,11611.84
West Dulwich,3,SE21 8HN,51.440912,-0.090673,532798,173053,12195.81,18680.84
West Ealing,3,W13 0NQ,51.513625,-0.319783,516690,180749,-3912.19,10984.84
West Finchley,4,N3 1NT,51.609263,-0.188917,525507,191601,4904.81,132.84
West Ham,3,E15 3BN,51.528526,0.005317,539202,182974,18599.81,8759.84
West Hampstead,2,NW6 2LX,51.547474,-0.191127,525524,184726,4921.81,7007.84
West Hampstead Thameslink,2,NW6 1XJ,51.548629,-0.192538,525423,184852,4820.81,6881.84
West Harrow,5,HA1 4HE,51.578924,-0.353847,514163,187957,-6439.19,3776.84
West India Quay,2,E14 4ED,51.506763,-0.020582,537471,180505,16868.81,11228.84
West Kensington,2,W14 9NL,51.490109,-0.206204,524635,178321,4032.81,13412.84
West Norwood,3,SE27 0HS,51.431241,-0.103189,531956,171955,11353.81,19778.84
West Ruislip,6,HA4 7WD,51.569588,-0.43786,508364,186791,-12238.19,4942.84
West Silvertown,3,E16 2AT,51.502884,0.022246,540455,180155,19852.81,11578.84
West Sutton,5,SM1 2EH,51.36615,-0.204645,525081,164539,4478.81,27194.84
West Wickham,5,BR4 0PY,51.381284,-0.014576,538266,166563,17663.81,25170.84
Westbourne Park,2,W11 1AB,51.520989,-0.200883,524920,181764,4317.81,9969.84
Westcombe Park,3,SE3 7EQ,51.484509,0.017746,540199,178103,19596.81,13630.84
Westferry,2,E14 8AD,51.509638,-0.026323,537064,180814,16461.81,10919.84
Westminster,1,SW1A 2JR,51.501402,-0.125002,530240,179718,9637.81,12015.84
White City,2,W12 7RH,51.512232,-0.224632,523296,180750,2693.81,10983.84
White Hart Lane,3,N17 7RP,51.605035,-0.07087,533693,191340,13090.81,393.84
Whitechapel,2,E1 1BY,51.519588,-0.05942,534738,181859,14135.81,9874.84
Whitton,5,TW2 7LG,51.449588,-0.357682,514220,173568,-6382.19,18165.84
Whyteleafe,6,CR3 0AD,51.309929,-0.081135,533842,158505,13239.81,33228.84
Whyteleafe South,6,CR3 0BD,51.30349,-0.076713,534169,157797,13566.81,33936.84
Willesden Green,"2,3",NW2 4QT,51.549373,-0.222408,523350,184884,2747.81,6849.84
Willesden Junction,3,NW10 4RA,51.532234,-0.243909,521905,182942,1302.81,8791.84
Wimbledon,3,SW19 1PS,51.421108,-0.206663,524791,170647,4188.81,21086.84
Wimbledon Chase,3,SW20 8DB,51.409531,-0.21409,524306,169347,3703.81,22386.84
Wimbledon Park,3,SW19 7DZ,51.434581,-0.199186,525274,172158,4671.81,19575.84
Winchmore Hill,4,N21 3NG,51.633887,-0.100917,531529,194494,10926.81,-2760.16
Wood Green,3,N22 8HH,51.597454,-0.109527,531038,190427,10435.81,1306.84
Wood Lane,2,W12 7DS,51.509658,-0.224473,523314,180464,2711.81,11269.84
Wood Street,4,E17 3NZ,51.58667,-0.001954,538521,189426,17918.81,2307.84
Woodford,4,IG8 7QE,51.607202,0.034056,540952,191778,20349.81,-44.16
Woodgrange Park,"3,4",E7 8AA,51.549053,0.044572,541861,185332,21258.81,6401.84
Woodmansterne,6,CR5 3HS,51.319019,-0.154262,528720,159385,8117.81,32348.84
Woodside,"3,4,5,6",SE25 5DP,51.387098,-0.065347,534716,167115,14113.81,24618.84
Woodside Park,4,N12 8SE,51.617868,-0.185426,525725,192564,5122.81,-830.16
Woolwich,4,,51.491578,0.071819,543931,178994,23328.81,12739.84
Woolwich Arsenal,4,SE18 6HX,51.489907,0.069194,543754,178803,23151.81,12930.84
Woolwich Dockyard,3,SE18 5JY,51.491108,0.054612,542738,178908,22135.81,12825.84
Worcester Park,4,KT4 7ND,51.381104,-0.245575,522192,166133,1589.81,25600.84